{"cameraMode":{"drawMode":0,"name":"Shaded","section":"Shading Mode"},"sceneLighting":false,"audioPlay":false,"sceneViewState":{"m_AlwaysRefresh":false,"showFog":true,"showSkybox":false,"showFlares":true,"showImageEffects":true,"showParticleSystems":true,"showVisualEffectGraphs":true,"m_FxEnabled":false},"in2DMode":false,"pivot":{"x":-2.2027580738067629,"y":0.08973872661590576,"z":1.7784764766693116},"rotation":{"x":0.2434796392917633,"y":-0.01978474296629429,"z":0.0049581886269152168,"w":0.9697088003158569},"size":0.8196153044700623,"orthographic":false}