{"cameraMode":{"drawMode":0,"name":"Shaded","section":"Shading Mode"},"sceneLighting":true,"audioPlay":false,"sceneViewState":{"m_AlwaysRefresh":false,"showFog":true,"showSkybox":true,"showFlares":true,"showImageEffects":true,"showParticleSystems":true,"showVisualEffectGraphs":true,"m_FxEnabled":false},"in2DMode":false,"pivot":{"x":-0.1908772587776184,"y":-5.288080215454102,"z":17.252046585083009},"rotation":{"x":0.2434796392917633,"y":-0.01978474296629429,"z":0.0049581886269152168,"w":0.9697088003158569},"size":12.492792129516602,"orthographic":false}